Name,County,Acres,Start Date,Contained Date,active,Percent contained,Difference,Year
Local,Riverside,12000,2003-02-23,2003-02-23,False,100,0,2003
Delima,Tulare,3000,2003-05-03,2003-05-03,False,100,0,2003
Bird,San Joaquin,6804,2003-06-01,2003-06-01,False,100,0,2003
Parkhill,San Luis Obispo,1200,2003-07-20,2003-07-22,False,100,2,2003
Kibbie Complex,Tuolumne,9815,2003-07-20,2003-10-02,False,100,74,2003
Coyote,San Diego,18705,2003-07-16,2003-07-26,False,100,10,2003
Locust,Riverside,1898,2003-08-18,2003-08-20,False,100,2,2003
Canoe,Humboldt,24882,2003-09-03,2003-10-15,False,100,42,2003
Pass,Riverside,2397,2003-10-21,2003-10-23,False,100,2,2003
Grand Prix,San Bernardino,66894,2003-10-21,2003-11-05,False,100,15,2003
Piru,Ventura,63991,2003-10-23,2003-11-14,False,100,22,2003
Verdale,Los Angeles,8650,2003-10-24,2003-10-24,False,100,0,2003
Simi,Ventura,108204,2003-10-25,2003-11-05,False,100,11,2003
Cedar,San Diego,273246,2003-10-25,2003-12-05,False,100,41,2003
Old,San Bernardino,91281,2003-10-25,2003-11-14,False,100,20,2003
Otay,San Diego,46291,2003-10-26,2003-10-27,False,100,1,2003
Mine,San Diego,46000,2003-10-26,2003-10-28,False,100,2,2003
Mountain,Riverside,10000,2003-10-26,2003-10-29,False,100,3,2003
Paradise,San Diego,56700,2003-10-26,2003-11-06,False,100,11,2003
Whitmore,Shasta,1200,2003-10-27,2003-10-30,False,100,3,2003
Pleasure Fire,Riverside,2464,2004-04-25,2004-04-26,False,100,1,2004
India,San Diego,2040,2004-05-02,2004-05-03,False,100,1,2004
Eagle,Riverside,8831,2004-05-02,2004-05-07,False,100,5,2004
Cerrito,Riverside,16460,2004-05-03,2004-05-07,False,100,4,2004
Cachuma,Santa Barbara,1127,2004-05-03,2004-05-07,False,100,4,2004
Cottonwood,Riverside,1845,2004-05-12,2004-05-15,False,100,3,2004
Gaviota,Santa Barbara,7440,2004-06-05,2004-06-11,False,100,6,2004
Meadow,Mariposa,5060,2004-06-27,2004-07-01,False,100,4,2004
Bluff,Shasta,3304,2004-06-28,2004-09-13,False,100,77,2004
Verbenia,Riverside,3833,2004-07-11,2004-07-16,False,100,5,2004
Gatos,Fresno,1307,2004-07-11,2004-07-13,False,100,2,2004
Pine,Los Angeles,17418,2004-07-12,2004-07-21,False,100,9,2004
Mataguary,San Diego,8649,2004-07-13,2004-07-15,False,100,2,2004
State Melton,Riverside,3667,2004-07-17,2004-07-20,False,100,3,2004
Foothill,Los Angeles,6002,2004-07-17,2004-07-21,False,100,4,2004
Pelican,Stanislaus,1500,2004-07-19,2004-07-24,False,100,5,2004
Crown Complex,Los Angeles,18026,2004-07-20,2004-07-23,False,100,3,2004
Straylor,Lassen,3422,2004-07-22,2004-07-29,False,100,7,2004
Irongate,Siskiyou,2400,2004-07-24,2004-07-26,False,100,2,2004
Sims,Trinity,4030,2004-07-28,2004-08-03,False,100,6,2004
East,Los Angeles,1330,2004-08-07,2004-08-09,False,100,2,2004
Copper,Calaveras,3443,2004-08-08,2004-08-09,False,100,1,2004
Kincaid,Santa Clara,1246,2004-08-08,2004-08-10,False,100,2,2004
Early,Tuolumne,1670,2004-08-09,2004-08-11,False,100,2,2004
Oregon,Butte,2030,2004-08-11,2004-08-15,False,100,4,2004
Bear,Shasta,10848,2004-08-11,2004-08-16,False,100,5,2004
Deep,Tulare,3148,2004-08-12,2004-08-16,False,100,4,2004
French,Shasta,13005,2004-08-14,2004-08-20,False,100,6,2004
Geysers,Lake,12525,2004-09-03,2004-09-08,False,100,5,2004
Pattison,Calaveras,2476,2004-09-03,2004-09-05,False,100,2,2004
Cement,Napa,1100,2004-09-04,2004-09-04,False,100,0,2004
Runaway,San Bernardino,1007,2004-09-07,2004-09-09,False,100,2,2004
Old Highway,Mariposa,1347,2004-09-12,2004-09-15,False,100,3,2004
Power,Amador,16800,2004-10-06,2004-10-21,False,100,15,2004
Rumsey,Yolo,39138,2004-10-10,2004-10-16,False,100,6,2004
Freds,El Dorado,7700,2004-10-13,2004-10-17,False,100,4,2004
Dos Amigos,Merced,1232,2005-06-03,2005-06-03,False,100,0,2005
Five,Fresno,5514,2005-06-04,2005-06-05,False,100,1,2005
Sperry,Stanislaus,1330,2005-06-04,2005-06-04,False,100,0,2005
Pioneer,San Bernardino,1876,2005-06-18,2005-06-19,False,100,1,2005
Paradise,San Bernardino,3082,2005-06-22,2005-06-25,False,100,3,2005
Soboba,Riverside,2000,2005-06-22,2005-06-24,False,100,2,2005
Hackberry,San Bernardino,71000,2005-06-22,2005-06-27,False,100,5,2005
Bailey,Madera,1056,2005-07-02,2005-07-02,False,100,0,2005
Tovey,Los Angeles,1200,2005-07-05,2005-07-06,False,100,1,2005
Millwood,Tulare,2600,2005-07-07,2005-07-07,False,100,0,2005
Nine,Tulare,1150,2005-07-09,2005-07-09,False,100,0,2005
Tesla,Alameda,6744,2005-07-19,2005-07-20,False,100,1,2005
China Lake,Kern,1282,2005-07-19,2005-07-19,False,100,0,2005
Kingston,San Bernardino,3500,2005-07-22,2005-07-23,False,100,1,2005
Cowpie,Merced,3200,2005-08-01,2005-08-01,False,100,0,2005
Halloran,San Bernardino,1500,2005-08-03,2005-08-03,False,100,0,2005
Deer,Lake,1700,2005-08-09,2005-08-09,False,100,0,2005
ThirySix,Tehama,2700,2005-08-10,2005-08-11,False,100,1,2005
Barrel,Modoc,24800,2005-08-22,2005-08-22,False,100,0,2005
Harding,Sierra,2270,2005-08-24,2005-08-24,False,100,0,2005
Manton,Tehama,1830,2005-08-26,2005-08-29,False,100,3,2005
Blaisdell,Riverside,5493,2005-08-26,2005-08-30,False,100,4,2005
Gorman,Kern,2386,2005-09-03,2005-09-05,False,100,2,2005
Pine,Tulare,1600,2005-09-19,2005-09-19,False,100,0,2005
Topanga,San Bernardino,24175,2005-09-28,2005-10-07,False,100,9,2005
San Timoteo,Riverside,1100,2005-09-28,2005-09-28,False,100,0,2005
Harvard,Los Angeles,1094,2005-09-29,2005-10-04,False,100,5,2005
River,Madera,6000,2005-10-05,2005-10-05,False,100,0,2005
Border 50,San Diego,4103,2005-10-05,2005-10-08,False,100,3,2005
Woodhouse,Riverside,6500,2005-10-05,2005-10-07,False,100,2,2005
School,Ventura,3891,2005-11-18,2005-11-19,False,100,1,2005
Sierra,Riverside,10584,2006-02-06,2006-02-06,False,100,0,2006
Hotlum,Siskiyou,3019,2006-02-25,2006-02-27,False,100,2,2006
Torch,Fresno,1964,2006-05-13,2006-05-14,False,100,1,2006
Stuhr,Stanislaus,1418,2006-05-26,2006-05-26,False,100,0,2006
Alpaugh,Tulare,1700,2006-05-27,2006-05-27,False,100,0,2006
Perkins,Santa Barbara,14988,2006-06-19,2006-06-26,False,100,7,2006
Boulder Complex,Plumas,3500,2006-06-25,2006-07-05,False,100,10,2006
Observation Complex,Lassen,4300,2006-06-25,2006-06-30,False,100,5,2006
Goodale,Inyo,3750,2006-06-26,2006-06-29,False,100,3,2006
Yolla Bolly,Tehama,1247,2006-06-27,2006-06-27,False,100,0,2006
Del Puerto,Stanislaus,2590,2006-06-30,2006-07-03,False,100,3,2006
Pedro,Tuolumne,2000,2006-07-03,2006-07-05,False,100,2,2006
Pushwalla Complex,Riverside,2000,2006-07-07,2006-07-10,False,100,3,2006
Happy Complex,Modoc,1780,2006-07-09,2006-07-09,False,100,0,2006
Canyon,Stanislaus,34000,2006-07-09,2006-07-17,False,100,8,2006
Sawtooth Complex,San Bernardino,62000,2006-07-09,2006-07-20,False,100,11,2006
Millard Fire Assist,Riverside,24210,2006-07-09,2006-07-09,False,100,0,2006
Beck,San Luis Obispo,1500,2006-07-11,2006-07-12,False,100,1,2006
Midway,Alameda,6400,2006-07-11,2006-07-11,False,100,0,2006
Creek,Lassen,1234,2006-07-18,2006-07-21,False,100,3,2006
Coytoe,Tulare,1325,2006-07-20,2006-07-21,False,100,1,2006
Olive,Merced,25007,2006-07-21,2006-07-21,False,100,0,2006
Ricco,Monterey,14506,2006-07-22,2006-07-27,False,100,5,2006
Three Rocks,Fresno,8400,2006-07-22,2006-07-22,False,100,0,2006
Horse,San Diego,16681,2006-07-23,2006-08-01,False,100,9,2006
Happy Camp,Siskiyou,3318,2006-07-23,2006-09-24,False,100,63,2006
Uncles Complex,Siskiyou,30454,2006-07-23,2006-10-31,False,100,100,2006
Oorleans Complex,Humboldt,15710,2006-07-24,2006-09-30,False,100,68,2006
Empire,Los Angeles,1094,2006-07-25,2006-07-25,False,100,0,2006
Hunter,Mendocino,16296,2006-07-26,2006-07-26,False,100,0,2006
Hoy,Siskiyou,1283,2006-07-26,2006-07-28,False,100,2,2006
Bar Complex,Trinity,100414,2006-07-27,2006-07-27,False,100,0,2006
Sage,Modoc,4855,2006-07-27,2006-08-05,False,100,9,2006
Junction,Trinity,3126,2006-07-29,2006-07-29,False,100,0,2006
Kingsley,Tehama,6854,2006-08-02,2006-08-02,False,100,0,2006
Cottonwood,Kern,2346,2006-08-05,2006-08-06,False,100,1,2006
Quail,Los Angeles,4864,2006-08-13,2006-08-16,False,100,3,2006
Pigeon,Trinity,6452,2006-09-02,2006-10-16,False,100,44,2006
Day,Ventura,169702,2006-09-04,2006-10-02,False,100,28,2006
Ralston,Placer,8423,2006-09-05,2006-09-18,False,100,13,2006
Sawmill,Mono,7434,2006-09-14,2006-09-15,False,100,1,2006
Orchard,Riverside,1580,2006-09-16,2006-09-16,False,100,0,2006
Ranch,Riverside,1670,2006-09-17,2006-09-17,False,100,0,2006
Pinnacles,San Bernardino,2370,2006-09-19,2006-09-21,False,100,2,2006
Bassetts,Sierra,2114,2006-09-19,2006-09-26,False,100,7,2006
Noble,Mendocino,1014,2006-09-24,2006-09-30,False,100,6,2006
Phelps,Fresno,1600,2006-10-25,2006-10-25,False,100,0,2006
Esperanza,Riverside,40200,2006-10-26,2006-10-31,False,100,5,2006
Shekell,Ventura,13600,2006-12-03,2006-12-05,False,100,2,2006
Westside,Kern,4025,2006-12-07,2006-12-09,False,100,2,2006
241,Orange,2036,2007-03-11,2007-03-13,False,100,2,2007
Sierra,Riverside,1044,2007-03-11,2007-03-12,False,100,1,2007
Las Flores,San Bernardino,4100,2007-03-31,2007-04-01,False,100,1,2007
Golden,Inyo,1988,2007-04-14,2007-04-15,False,100,1,2007
James,Kern,1350,2007-04-29,2007-05-05,False,100,6,2007
Island,Los Angeles,4750,2007-05-10,2007-05-15,False,100,5,2007
Gorman,Los Angeles,2050,2007-05-19,2007-05-22,False,100,3,2007
Shannon,Tulare,2140,2007-06-03,2007-06-04,False,100,1,2007
Goldledge,Tulare,4196,2007-06-03,2007-06-28,False,100,25,2007
Inkopah,Imperial,1500,2007-06-05,2007-06-06,False,100,1,2007
Angora,El Dorado,3100,2007-06-24,2007-07-02,False,100,8,2007
White,Kern,12454,2007-06-24,2007-07-03,False,100,9,2007
Mission,Monterey,2300,2007-06-28,2007-06-28,False,100,0,2007
Zaca,Santa Barbara,240207,2007-07-04,2007-09-04,False,100,62,2007
Antelope Complex,Plumas,22902,2007-07-05,2007-07-13,False,100,8,2007
Inyo Complex,Inyo,35176,2007-07-06,2007-07-16,False,100,10,2007
Rock 2,Tulare,1005,2007-07-06,2007-07-07,False,100,1,2007
Fletcher,Modoc,8121,2007-07-10,2007-07-19,False,100,9,2007
Elk Complex,Siskiyou,17684,2007-07-10,2007-09-15,False,100,67,2007
China-Back Complex,Siskiyou,2906,2007-07-13,2007-07-21,False,100,8,2007
Bangor,Butte,1057,2007-08-07,2007-08-07,False,100,0,2007
Tar,Kings,5644,2007-08-10,2007-08-19,False,100,9,2007
Grouse,Tulare,1022,2007-08-27,2007-09-08,False,100,12,2007
Wallow,Trinity,1440,2007-08-29,2007-09-03,False,100,5,2007
North,Los Angeles,2200,2007-09-02,2007-09-08,False,100,6,2007
Lick,Santa Clara,47760,2007-09-03,2007-09-11,False,100,8,2007
Moonlight,Plumas,64997,2007-09-03,2007-09-15,False,100,12,2007
Pine,San Diego,2170,2007-09-12,2007-09-16,False,100,4,2007
Butler 2,San Bernardino,14039,2007-09-14,2007-10-01,False,100,17,2007
Ranch,Los Angeles,58401,2007-10-20,2007-10-30,False,100,10,2007
Canyon,Los Angeles,4521,2007-10-21,2007-10-27,False,100,6,2007
Sedgewick Fire,Santa Barbara,710,2007-10-21,2007-10-30,False,100,9,2007
Harris,San Diego,90440,2007-10-21,2007-11-05,False,100,15,2007
Witch,San Diego,197990,2007-10-21,2007-11-06,False,100,16,2007
McCoy Fire[nb 1],San Diego,400,2007-10-21,2007-10-26,False,100,5,2007
Buckweed,Los Angeles,38356,2007-10-21,2007-11-01,False,100,11,2007
Santiago,Orange,28400,2007-10-21,2007-11-09,False,100,19,2007
Little Mountain Fire,San Bernardino,650,2007-10-22,2007-10-24,False,100,2,2007
Magic,Los Angeles,2824,2007-10-22,2007-10-27,False,100,5,2007
Slide,San Bernardino,12759,2007-10-22,2007-10-31,False,100,9,2007
Rice,San Diego,9472,2007-10-22,2007-11-01,False,100,10,2007
Grass Valley,San Bernardino,1247,2007-10-22,2007-10-29,False,100,7,2007
Meadowridge Fire,Los Angeles,58401,2007-10-23,2007-10-30,False,100,7,2007
Poomacha[nb 1],San Diego,49410,2007-10-23,2007-11-13,False,100,21,2007
Ammo (Horno) Fire,San Diego,21004,2007-10-23,2007-10-29,False,100,6,2007
Jack,Mariposa,1108,2007-10-29,2007-12-15,False,100,47,2007
Corral,Los Angeles,4901,2007-11-24,2007-11-27,False,100,3,2007
Wawona Nw,Mariposa,1130,2008-04-09,2008-04-19,False,100,10,2008
Honey Bee,Tulare,1225,2008-05-06,2008-05-23,False,100,17,2008
Colyear,Tehama,1331,2008-05-06,2008-05-09,False,100,3,2008
Avocado,Fresno,1100,2008-05-20,2008-05-21,False,100,1,2008
Summit,Santa Cruz,4270,2008-05-22,2008-05-27,False,100,5,2008
Clover,Tulare,15300,2008-05-28,2008-07-20,False,100,53,2008
Indians,Monterey,81378,2008-06-08,2008-07-10,False,100,32,2008
Jackson,Sacramento,6400,2008-06-10,2008-06-12,False,100,2,2008
Ophir,Butte,1600,2008-06-10,2008-06-13,False,100,3,2008
41,Madera,3300,2008-06-10,2008-06-11,False,100,1,2008
Lagrange,Tuolumne,1346,2008-06-10,2008-06-11,False,100,1,2008
Humboldt,Butte,23344,2008-06-11,2008-06-21,False,100,10,2008
Whiskey,Tehama,7783,2008-06-12,2008-06-22,False,100,10,2008
Albion River Lightning,Mendocino,1000,2008-06-20,2008-06-30,False,100,10,2008
Lime Complex,Trinity,98715,2008-06-20,2008-08-15,False,100,56,2008
Mad Complex,Trinity,3705,2008-06-20,2008-07-21,False,100,31,2008
Hells Half Complex,Trinity,15146,2008-06-20,2008-07-28,False,100,38,2008
South Complex,Humboldt,29327,2008-06-20,2008-09-15,False,100,87,2008
Brown Complex,San Benito,3870,2008-06-21,2008-06-24,False,100,3,2008
West Branch,Butte,3206,2008-06-21,2008-06-21,False,100,0,2008
Frey,Butte,10000,2008-06-21,2008-06-21,False,100,0,2008
Flea Valley,Butte,1248,2008-06-21,2008-06-21,False,100,0,2008
Flea Valley 2,Butte,1248,2008-06-21,2008-06-21,False,100,0,2008
Paradise,Humboldt,1076,2008-06-21,2008-08-01,False,100,41,2008
Blue 2 Complex,Siskiyou,82186,2008-06-20,2008-09-30,False,100,102,2008
Popcorn,Lassen,3000,2008-06-21,2008-06-22,False,100,1,2008
Cub Complex,Lassen,19718,2008-06-21,2008-07-20,False,100,29,2008
Peterson Complex,Lassen,7842,2008-06-21,2008-07-02,False,100,11,2008
Wild,Napa,4200,2008-06-21,2008-06-26,False,100,5,2008
Basin Complex,Monterey,162818,2008-06-21,2008-07-27,False,100,36,2008
Wagers Lightning,Mendocino,3000,2008-06-21,2008-06-21,False,100,0,2008
Jack Smith Lightning,Mendocino,3000,2008-06-21,2008-07-13,False,100,22,2008
Mallo B,Mendocino,4466,2008-06-21,2008-07-17,False,100,26,2008
Squaw 1 Lightning 2,Mendocino,3000,2008-06-21,2008-07-13,False,100,22,2008
Red Mountain 1,Mendocino,7515,2008-06-21,2008-08-01,False,100,41,2008
Gate Lightning,Mendocino,3000,2008-06-21,2008-07-13,False,100,22,2008
Soda Complex,Lake,8632,2008-06-21,2008-07-26,False,100,35,2008
Canyon Complex,Plumas,47680,2008-06-21,2008-09-30,False,100,101,2008
Iron Alps Complex,Trinity,105805,2008-06-21,2008-09-09,False,100,80,2008
Sta 57 Ono Cdf Igo 2,Shasta,4000,2008-06-21,2008-07-24,False,100,33,2008
Whitmore Old Crow C2,Shasta,2054,2008-06-21,2008-07-15,False,100,24,2008
EO2A,Shasta,1200,2008-06-21,2008-07-06,False,100,15,2008
Stein,Shasta,1148,2008-06-21,2008-07-07,False,100,16,2008
Moon,Shasta,6030,2008-06-21,2008-08-09,False,100,49,2008
Platina 4,Trinity,12980,2008-06-21,2008-07-04,False,100,13,2008
Lewiston 8,Trinity,1311,2008-06-21,2008-07-23,False,100,32,2008
Lakehead,Shasta,27936,2008-06-21,2008-08-23,False,100,63,2008
Oliver,Mariposa,2200,2008-06-21,2008-06-26,False,100,5,2008
North Mountain,Tuolumne,2889,2008-06-21,2008-07-03,False,100,12,2008
American River Complex,Placer,20541,2008-06-21,2008-07-30,False,100,39,2008
Yuba River Complex,Sierra,4254,2008-06-21,2008-07-15,False,100,24,2008
Whiskeytown Complex,Shasta,6420,2008-06-21,2008-07-19,False,100,28,2008
Klamath Theater Complex,Siskiyou,192038,2008-06-21,2008-09-30,False,100,101,2008
Popcorn,Lassen,3000,2008-06-22,2008-07-08,False,100,16,2008
Mill Complex,Tehama,2100,2008-06-22,2008-06-29,False,100,7,2008
Walker,Lake,15000,2008-06-22,2008-06-29,False,100,7,2008
Orr Springs Rd Ukv 2,Mendocino,3000,2008-06-22,2008-07-10,False,100,18,2008
5-8 Cliff Lightning,Mendocino,1000,2008-06-22,2008-07-13,False,100,21,2008
Venture,Shasta,1912,2008-06-22,2008-07-04,False,100,12,2008
Corral,Lassen,12500,2008-06-23,2008-07-07,False,100,14,2008
Oliver,Mariposa,2789,2008-06-23,2008-07-06,False,100,13,2008
Mill Creek,Tehama,13580,2008-06-24,2008-07-01,False,100,7,2008
Piute,Kern,37026,2008-06-28,2008-07-25,False,100,27,2008
Hardy,Mendocino,5581,2008-06-30,2008-06-30,False,100,0,2008
Gap,Santa Barbara,9443,2008-07-01,2008-07-28,False,100,27,2008
Butch Lightning,Mendocino,2800,2008-07-04,2008-07-04,False,100,0,2008
Lost Pipe Lightning,Mendocino,1200,2008-07-04,2008-07-10,False,100,6,2008
Jack Smith Lightning,Mendocino,2000,2008-07-04,2008-07-15,False,100,11,2008
Albion Lightning,Mendocino,3000,2008-07-04,2008-07-08,False,100,4,2008
Horse Lightning,Mendocino,1000,2008-07-04,2008-07-08,False,100,4,2008
Orr Series Lightning,Mendocino,3000,2008-07-04,2008-07-13,False,100,9,2008
Montgomery Flat Lightning,Mendocino,3000,2008-07-04,2008-07-15,False,100,11,2008
Alder Creek Beach,Mendocino,1000,2008-07-07,2008-07-07,False,100,0,2008
Tehipite,Fresno,11596,2008-07-19,2008-11-11,False,100,115,2008
Panther,Siskiyou,72344,2008-07-24,2008-09-30,False,100,68,2008
Telegraph,Mariposa,34091,2008-07-25,2008-09-15,False,100,52,2008
Rich,Plumas,6112,2008-07-29,2008-08-10,False,100,12,2008
Craig,Butte,2001,2008-08-03,2008-08-11,False,100,8,2008
Rim,Butte,1651,2008-08-13,2008-08-13,False,100,0,2008
Empire,Butte,2000,2008-08-13,2008-08-13,False,100,0,2008
Camp Beldon and Pit,Butte,47647,2008-07-08,2008-08-13,False,100,36,2008
Smokey,Butte,1324,2008-08-13,2008-08-13,False,100,0,2008
Jack,Siskiyou,6900,2008-08-17,2008-08-22,False,100,5,2008
Gladding,Placer,1000,2008-09-01,2008-09-03,False,100,2,2008
Gulch,Shasta,2847,2008-09-07,2008-09-11,False,100,4,2008
Hidden,Tulare,3668,2008-09-10,2008-09-30,False,100,20,2008
Chalk,Monterey,16269,2008-09-25,2008-10-29,False,100,34,2008
November,San Diego,1400,2008-10-08,2008-10-09,False,100,1,2008
Marek,Los Angeles,4824,2008-10-12,2008-10-16,False,100,4,2008
Sesnon,Los Angeles,14703,2008-10-13,2008-10-18,False,100,5,2008
Juliett,San Diego,4026,2008-10-13,2008-10-17,False,100,4,2008
Lackerman,Butte,1310,2008-10-23,2008-10-23,False,100,0,2008
Tea,Santa Barbara,1940,2008-11-13,2008-11-17,False,100,4,2008
Sayre,Los Angeles,11200,2008-11-14,2008-11-20,False,100,6,2008
Freeway Complex,Riverside,30305,2008-11-15,2008-11-22,False,100,7,2008
Jesusita,Santa Barbara,8733,2009-05-05,2009-05-20,False,100,15,2009
Grouse,Mariposa,3047,2009-05-30,2009-07-13,False,100,44,2009
Harden,Tuolumne,1661,2009-06-08,2009-07-11,False,100,33,2009
Explosive,San Joaquin,2163,2009-06-19,2009-06-19,False,100,0,2009
Lion Complex,Tulare,3988,2009-06-30,2009-08-21,False,100,52,2009
Backbone,Trinity,6324,2009-07-01,2009-07-24,False,100,23,2009
Yankee,San Diego,2200,2009-07-11,2009-07-14,False,100,3,2009
Fork,Inyo,3268,2009-07-18,2009-07-27,False,100,9,2009
Tennant,Siskiyou,3225,2009-07-19,2009-07-27,False,100,8,2009
Knight,Tuolumne,6130,2009-07-26,2009-08-11,False,100,16,2009
Wildcat,Tuolumne,1100,2009-07-29,2009-08-31,False,100,33,2009
Hat Creek Complex,Shasta,11269,2009-08-01,2009-08-12,False,100,11,2009
W-4,Lassen,1500,2009-08-01,2009-08-07,False,100,6,2009
Dodge Complex,Lassen,1600,2009-08-01,2009-08-03,False,100,2,2009
Brown,Shasta,1000,2009-08-02,2009-08-12,False,100,10,2009
Fairfield,Shasta,1664,2009-08-02,2009-08-21,False,100,19,2009
Chalk (Shu Complex),Shasta,6895,2009-08-03,2009-08-16,False,100,13,2009
Goose (Shu Complex),Shasta,3918,2009-08-03,2009-08-17,False,100,14,2009
Cassel (Shu Complex),Shasta,6319,2009-08-03,2009-08-14,False,100,11,2009
La Brea,Santa Barbara,89489,2009-08-08,2009-08-23,False,100,15,2009
Lockheed,Santa Cruz,7817,2009-08-12,2009-08-23,False,100,11,2009
Coffin,Trinity,1300,2009-08-12,2009-08-15,False,100,3,2009
Corral,San Joaquin,12200,2009-08-13,2009-08-16,False,100,3,2009
Yuba,Yuba,3891,2009-08-14,2009-08-24,False,100,10,2009
Red Rock,Siskiyou,1364,2009-08-21,2009-09-04,False,100,14,2009
Morris,Los Angeles,2168,2009-08-25,2009-09-03,False,100,9,2009
Bryson,Monterey,3383,2009-08-25,2009-08-29,False,100,4,2009
Station,Los Angeles,160577,2009-08-26,2009-10-16,False,100,51,2009
Big Meadows,Mariposa,7425,2009-08-26,2009-09-10,False,100,15,2009
Gloria,Monterey,6437,2009-08-27,2009-09-01,False,100,5,2009
Cottonwood,Riverside,2409,2009-08-27,2009-08-31,False,100,4,2009
Pacheco,Santa Clara,1600,2009-08-29,2009-08-30,False,100,1,2009
Oak Glen III,San Bernardino,1159,2009-08-30,2009-09-08,False,100,9,2009
Oasis,Lake,1500,2009-09-07,2009-09-12,False,100,5,2009
Guiberson,Ventura,17500,2009-09-22,2009-10-01,False,100,9,2009
Six,Yolo,1235,2009-10-01,2009-10-01,False,100,0,2009
Sheep,San Bernardino,7128,2009-10-03,2009-10-10,False,100,7,2009
Mill Creek #4,Humboldt,2750,2009-10-07,2009-10-17,False,100,10,2009
Cotton,San Luis Obispo,2044,2010-05-15,2010-05-17,False,100,2,2010
McKinley,Riverside,1000,2010-05-20,2010-05-22,False,100,2,2010
Robinson,Merced,1600,2010-06-11,2010-06-12,False,100,1,2010
Aliso,San Diego,3225,2010-07-13,2010-07-13,False,100,0,2010
Sand 2,Kern,1254,2010-07-16,2010-07-22,False,100,6,2010
Indian,Kern,1822,2010-07-18,2010-07-24,False,100,6,2010
Mono,Mono,1205,2010-07-26,2010-07-29,False,100,3,2010
Bull,Kern,16442,2010-07-26,2010-08-10,False,100,15,2010
McDonald,Lassen,9408,2010-07-27,2010-08-10,False,100,14,2010
West,Kern,1650,2010-07-27,2010-08-06,False,100,10,2010
Crown,Los Angeles,13918,2010-07-29,2010-08-03,False,100,5,2010
Bar,Plumas,1040,2010-07-31,2010-08-10,False,100,10,2010
Pozo,San Luis Obispo,1200,2010-08-21,2010-08-22,False,100,1,2010
Post,Kern,1312,2010-08-25,2010-08-28,False,100,3,2010
Bullard,Yuba,1307,2010-08-27,2010-08-31,False,100,4,2010
Bullards,Nevada,1500,2010-08-27,2010-09-13,False,100,17,2010
Canyon,Kern,9820,2010-09-12,2010-09-19,False,100,7,2010
Cove,Kern,1122,2011-05-27,2011-05-31,False,100,4,2011
Cougar,Modoc,2000,2011-06-08,2011-06-13,False,100,5,2011
Antelope,Kern,5200,2011-06-19,2011-06-21,False,100,2,2011
Quinn,Kern,3154,2011-06-21,2011-06-22,False,100,1,2011
Stage,Tulare,1213,2011-06-27,2011-07-02,False,100,5,2011
Lion,Tulare,20500,2011-07-08,2011-10-10,False,100,94,2011
Scorpion Complex,Modoc,2945,2011-07-15,2011-07-18,False,100,3,2011
Eagle,San Diego,14100,2011-07-21,2011-07-29,False,100,8,2011
Annie,Modoc,2076,2011-08-18,2011-08-21,False,100,3,2011
Motor,Mariposa,5231,2011-08-25,2011-09-04,False,100,10,2011
Wells,San Bernardino,1723,2011-08-28,2011-08-31,False,100,3,2011
Hill,San Bernardino,1135,2011-09-02,2011-09-02,False,100,0,2011
Soda,San Luis Obispo,1528,2011-09-03,2011-09-04,False,100,1,2011
Canyon,Kern,14585,2011-09-04,2011-09-11,False,100,7,2011
Milton,San Joaquin,1122,2011-09-09,2011-09-11,False,100,2,2011
Keene Complex,Kern,2577,2011-09-10,2011-09-14,False,100,4,2011
Comanche Complex,Kern,29338,2011-09-10,2011-09-14,False,100,4,2011
Breckenridge Complex,Kern,25213,2011-09-10,2011-09-17,False,100,7,2011
John,Inyo,5300,2011-09-13,2011-09-16,False,100,3,2011
Tamarack,Mariposa,1011,2011-09-13,2011-10-17,False,100,34,2011
65 Fire,Kern,2005,2011-09-23,2011-09-23,False,100,0,2011
Ruth,Trinity,1460,2011-09-23,2011-09-28,False,100,5,2011
Buckeye,Mono,1140,2011-09-25,2011-09-27,False,100,2,2011
Great,San Diego,2135,2011-10-01,2011-10-07,False,100,6,2011
Banner,San Diego,5320,2012-05-24,2012-05-29,False,100,5,2012
George,Tulare,1707,2012-06-01,2012-06-15,False,100,14,2012
Gaines,Mariposa,1700,2012-06-12,2012-06-14,False,100,2,2012
Highland,Riverside,2171,2012-06-16,2012-06-18,False,100,2,2012
Cascade,Mariposa,1705,2012-06-16,2012-11-26,False,100,163,2012
Dale,Shasta,1083,2012-07-05,2012-07-07,False,100,2,2012
Fish,Inyo,1103,2012-07-07,2012-07-09,False,100,2,2012
Mill,Colusa,29502,2012-07-07,2012-07-18,False,100,11,2012
Grapevine,Colusa,1870,2012-07-08,2012-07-12,False,100,4,2012
Rail,Colusa,1870,2012-07-09,2012-07-12,False,100,3,2012
Turkey,Monterey,2529,2012-07-09,2012-07-20,False,100,11,2012
Robbers,Placer,2650,2012-07-11,2012-07-21,False,100,10,2012
Flat,Trinity,1688,2012-07-11,2012-07-17,False,100,6,2012
Sand,Kern,1428,2012-07-14,2012-07-19,False,100,5,2012
Spanish,Lassen,1169,2012-07-18,2012-07-21,False,100,3,2012
Reading,Shasta,28079,2012-07-23,2012-08-21,False,100,29,2012
Chips,Plumas,75217,2012-07-29,2012-08-31,False,100,33,2012
Rushmore,Riverside,1000,2012-08-04,2012-08-04,False,100,0,2012
Piute Comlex,Kern,1783,2012-08-04,2012-08-11,False,100,7,2012
Lake Complex,Modoc,1668,2012-08-05,2012-08-09,False,100,4,2012
Fort Complex,Siskiyou,23653,2012-08-05,2012-09-10,False,100,36,2012
Barry Point,Modoc,38394,2012-08-06,2012-08-28,False,100,22,2012
Indian,Mono,12574,2012-08-08,2012-08-15,False,100,7,2012
Chihuahua,San Diego,2006,2012-08-09,2012-08-12,False,100,3,2012
Jawbone Complex,Kern,1218,2012-08-10,2012-08-22,False,100,12,2012
Ramsey,Calaveras,1137,2012-08-11,2012-08-31,False,100,20,2012
Wye,Lake,2934,2012-08-12,2012-08-18,False,100,6,2012
Walker,Lake,5000,2012-08-12,2012-08-14,False,100,2,2012
Rush,Lassen,271911,2012-08-12,2012-08-31,False,100,19,2012
Vallecito Lightning Complex,San Diego,22829,2012-08-13,2012-08-20,False,100,7,2012
Mill,Tehama,1641,2012-08-13,2012-08-23,False,100,10,2012
Buck,Riverside,2681,2012-08-14,2012-08-18,False,100,4,2012
Nelson,Modoc,3661,2012-08-17,2012-08-21,False,100,4,2012
Ponderosa,Tehama,27676,2012-08-18,2012-09-02,False,100,15,2012
Bagley Complex,Shasta,1000,2012-08-18,2012-08-22,False,100,4,2012
North Pass,Mendocino,41983,2012-08-18,2012-09-16,False,100,29,2012
Bagley,Shasta,46011,2012-08-18,2012-09-15,False,100,28,2012
Williams,Los Angeles,4192,2012-09-02,2012-09-11,False,100,9,2012
Sixteen Complex,Colusa,19000,2012-09-04,2012-09-11,False,100,7,2012
Stafford,Trinity,4407,2012-09-05,2012-09-13,False,100,8,2012
Likely,Lassen,9838,2012-09-05,2012-09-14,False,100,9,2012
Scotts,Lake,4517,2012-09-07,2012-09-14,False,100,7,2012
Shockey,San Diego,2555,2012-09-23,2012-09-27,False,100,4,2012
Panther,Tehama,6896,2013-05-01,2013-05-09,False,100,8,2013
Summit,Riverside,3161,2013-05-01,2013-05-04,False,100,3,2013
Springs,Ventura,24251,2013-05-02,2013-05-09,False,100,7,2013
Grand,Kern,4346,2013-05-15,2013-05-22,False,100,7,2013
Felipe,San Diego,2650,2013-05-23,2013-05-29,False,100,6,2013
General,San Diego,2500,2013-05-26,2013-05-31,False,100,5,2013
White,Santa Barbara,1984,2013-05-27,2013-06-05,False,100,9,2013
Powerhouse,Los Angeles,30274,2013-05-30,2013-06-10,False,100,11,2013
Hathaway,Riverside,3870,2013-06-09,2013-10-15,False,100,128,2013
Carstens,Mariposa,1708,2013-06-16,2013-06-26,False,100,10,2013
Chariot,San Diego,7055,2013-07-06,2013-07-15,False,100,9,2013
Mountain,Riverside,27531,2013-07-15,2013-07-31,False,100,16,2013
Aspen,Fresno,22992,2013-07-22,2013-09-08,False,100,48,2013
Forks Complex,Siskiyou,37246,2013-07-31,2013-10-01,False,100,62,2013
Falls,Riverside,1383,2013-08-05,2013-08-09,False,100,4,2013
Power,Tuolumne,1070,2013-08-05,2013-08-13,False,100,8,2013
Silver,Riverside,20292,2013-08-07,2013-08-12,False,100,5,2013
Corral Complex,Humboldt,12503,2013-08-10,2013-10-02,False,100,53,2013
American,Placer,22407,2013-08-11,2013-08-29,False,100,18,2013
Swedes,Butte,2264,2013-08-16,2013-08-22,False,100,6,2013
Rim,Tuolumne,257314,2013-08-17,2013-10-27,False,100,71,2013
Mission,Monterey,4500,2013-08-22,2013-08-25,False,100,3,2013
Deer,Tehama,11429,2013-08-23,2013-08-29,False,100,6,2013
Fish,Tulare,2060,2013-08-23,2013-09-05,False,100,13,2013
Morgan,Contra Costa,3100,2013-09-08,2013-09-14,False,100,6,2013
Clover,Shasta,8073,2013-09-09,2013-09-15,False,100,6,2013
Deluz,San Diego,2236,2013-10-05,2013-10-09,False,100,4,2013
Mccabe,Sonoma,3505,2013-11-22,2013-11-28,False,100,6,2013
Soda,Tulare,1612,2014-01-14,2014-02-15,False,100,32,2014
Colby,Los Angeles,1952,2014-01-16,2014-01-21,False,100,5,2014
Etiwanda,San Bernardino,2200,2014-04-30,2014-05-09,False,100,9,2014
Bernardo,San Diego,1548,2014-05-13,2014-05-17,False,100,4,2014
Tomahawk,San Diego,5367,2014-05-14,2014-05-19,False,100,5,2014
Poinsettia,San Diego,600,2014-05-14,2014-05-17,False,100,3,2014
Cocos,San Diego,1995,2014-05-14,2014-05-22,False,100,8,2014
Pulgas,San Diego,14416,2014-05-15,2014-05-21,False,100,6,2014
San Mateo,San Diego,1457,2014-05-16,2014-05-20,False,100,4,2014
Shirley,Kern,2545,2014-06-13,2014-06-22,False,100,9,2014
Stony,Monterey,4840,2014-06-19,2014-06-22,False,100,3,2014
Butts,Napa,4300,2014-07-01,2014-07-09,False,100,8,2014
Modoc July Complex,Modoc,2566,2014-07-01,2014-07-07,False,100,6,2014
Monticello,Yolo,6488,2014-07-04,2014-07-12,False,100,8,2014
Bully,Shasta,12661,2014-07-11,2014-07-28,False,100,17,2014
Nicolls,Kern,1680,2014-07-11,2014-07-19,False,100,8,2014
Dark Hole,Mariposa,1077,2014-07-16,2014-08-20,False,100,35,2014
Sand,El Dorado,4240,2014-07-25,2014-09-02,False,100,39,2014
Kelley,Merced,1000,2014-07-26,2014-07-29,False,100,3,2014
El Portal,Mariposa,4689,2014-07-26,2014-08-04,False,100,9,2014
French,Madera,13838,2014-07-28,2014-08-18,False,100,21,2014
Day,Modoc,13153,2014-07-30,2014-08-13,False,100,14,2014
Lodge Complex,Mendocino,12535,2014-07-30,2014-08-09,False,100,10,2014
Bald,Shasta,39736,2014-07-30,2014-08-16,False,100,17,2014
Coffee Complex,Trinity,6178,2014-07-30,2014-08-16,False,100,17,2014
KNF Beaver,Siskiyou,32496,2014-07-30,2014-08-30,False,100,31,2014
Little Deer,Siskiyou,5503,2014-07-31,2014-08-11,False,100,11,2014
Eiler,Shasta,32416,2014-07-31,2014-08-24,False,100,24,2014
July Complex,Siskiyou,50042,2014-08-03,2014-09-25,False,100,53,2014
Happy Camp Complex,Siskiyou,134056,2014-08-14,2014-10-31,False,100,78,2014
Meadow,Mariposa,4772,2014-08-15,2014-09-29,False,100,45,2014
Way,Kern,4045,2014-08-18,2014-08-28,False,100,10,2014
Gulch,Shasta,1375,2014-09-10,2014-09-16,False,100,6,2014
King,El Dorado,97717,2014-09-13,2014-10-09,False,100,26,2014
Courtney,Madera,320,2014-09-14,2014-09-21,False,100,7,2014
Boles,Siskiyou,516,2014-09-15,2014-10-11,False,100,26,2014
Dog Rock,Mariposa,311,2014-10-07,2014-10-12,False,100,5,2014
Round,Inyo,7000,2015-02-06,2015-02-12,False,100,6,2015
Highway,Riverside,1049,2015-04-18,2015-04-24,False,100,6,2015
Lake,San Bernardino,31359,2015-06-17,2015-08-01,False,100,45,2015
Park Hill,San Luis Obispo,1791,2015-06-20,2015-06-24,False,100,4,2015
North,San Bernardino,4250,2015-07-17,2015-07-21,False,100,4,2015
Wragg,Napa,8051,2015-07-22,2015-08-06,False,100,15,2015
Rocky,Lake,69438,2015-07-29,2015-08-14,False,100,16,2015
Fork Complex,Shasta,36503,2015-07-30,2015-11-03,False,100,96,2015
River Complex,Trinity,77081,2015-07-30,2015-10-29,False,100,91,2015
Frog,Lassen,4863,2015-07-30,2015-08-20,False,100,21,2015
Humboldt Lightning,Humboldt,4883,2015-07-30,2015-08-19,False,100,20,2015
Mad River Complex,Humboldt,73137,2015-07-30,2015-09-13,False,100,45,2015
Rough,Fresno,151623,2015-07-31,2015-11-05,False,100,97,2015
Dodge,Lassen,10570,2015-08-03,2015-08-17,False,100,14,2015
Gasquet,Del Norte,30361,2015-08-03,2015-10-15,False,100,73,2015
Jerusalem,Lake and Napa,25118,2015-08-09,2015-08-25,False,100,16,2015
Cabin,Glendora,1723,2015-08-14,2015-11-20,False,100,98,2015
Cuesta,San Luis Obispo,2446,2015-08-16,2015-08-28,False,100,12,2015
Tesla,Alameda,2700,2015-08-19,2015-08-22,False,100,3,2015
Butte,Amador,70868,2015-09-09,2015-10-01,False,100,22,2015
Valley,Lake,76067,2015-09-12,2015-10-15,False,100,33,2015
Tassajara,Monterey,1086,2015-09-19,2015-09-27,False,100,8,2015
Solimar,Ventura,1388,2015-12-25,2015-12-29,False,100,4,2015
Roberts,San Luis Obispo,3712,2016-05-18,2016-05-20,False,100,2,2016
Metz,Monterey,3876,2016-05-22,2016-05-25,False,100,3,2016
Coleman,Monterey,2520,2016-06-04,2016-06-17,False,100,13,2016
Pony,Siskiyou,2860,2016-06-07,2016-06-30,False,100,23,2016
Sherpa,Santa Barbara,7474,2016-06-15,2016-07-12,False,100,27,2016
Border,San Diego,7609,2016-06-19,2016-06-30,False,100,11,2016
Pine,Ventura,2304,2016-06-19,2016-07-17,False,100,28,2016
San Gabriel Complex,Los Angeles,5399,2016-06-20,2016-07-23,False,100,33,2016
Erskine,Kern,48019,2016-06-23,2016-07-12,False,100,19,2016
Trailhead,Placer,5646,2016-06-28,2016-07-18,False,100,20,2016
Deer,Kern,1785,2016-07-01,2016-07-11,False,100,10,2016
Curry,Fresno,2944,2016-07-01,2016-07-05,False,100,4,2016
Sage,Los Angeles,1109,2016-07-09,2016-07-16,False,100,7,2016
Roblar,San Diego,1245,2016-07-21,2016-07-30,False,100,9,2016
Sand,Los Angeles,41432,2016-07-22,2016-08-03,False,100,12,2016
Soberanes,Monterey,132100,2016-07-22,2016-10-12,False,100,82,2016
Goose,Fresno,2241,2016-07-30,2016-08-09,False,100,10,2016
Cold,Yolo,5731,2016-08-02,2016-08-12,False,100,10,2016
Pilot,San Bernardino,8110,2016-08-07,2016-08-16,False,100,9,2016
Mineral,Fresno,7050,2016-08-09,2016-08-18,False,100,9,2016
Chimney,San Luis Obispo,46344,2016-08-13,2016-09-06,False,100,24,2016
Clayton,Lake,3929,2016-08-13,2016-08-26,False,100,13,2016
Blue Cut,San Bernardino,36274,2016-08-16,2016-08-23,False,100,7,2016
Cedar,Kern,29322,2016-08-16,2016-09-30,False,100,45,2016
Rey,Santa Barbara,32606,2016-08-18,2016-09-16,False,100,29,2016
Gap,Siskiyou,33867,2016-08-27,2016-09-17,False,100,21,2016
Bogart,Riverside,1470,2016-08-30,2016-09-02,False,100,3,2016
Willard,Lassen,2575,2016-09-11,2016-09-22,False,100,11,2016
Owens River,Mono,5443,2016-09-17,2016-10-15,False,100,28,2016
Canyon,Santa Barbara,12518,2016-09-17,2016-09-24,False,100,7,2016
Sawmill,Sonoma,1547,2016-09-25,2016-09-29,False,100,4,2016
Marshes,Tuolumne,1080,2016-09-26,2016-10-04,False,100,8,2016
Loma,Santa Clara,4474,2016-09-26,2016-10-12,False,100,16,2016
Jayne,Fresno,5738,2017-04-20,2017-04-21,False,100,1,2017
Opera,Riverside,1350,2017-04-30,2017-05-02,False,100,2,2017
Elm,Fresno,10345,2017-05-18,2017-05-21,False,100,3,2017
Gate,San Diego,2056,2017-05-20,2017-05-23,False,100,3,2017
Oakwood,Madera,1431,2017-06-10,2017-06-13,False,100,3,2017
Highway,Kern,1522,2017-06-18,2017-06-28,False,100,10,2017
Holcomb,San Bernardino,1503,2017-06-19,2017-06-29,False,100,10,2017
Schaeffer,Tulare,16031,2017-06-24,2017-08-10,False,100,47,2017
Salmon August Complex,Siskiyou,65888,2017-06-25,2017-12-08,False,100,166,2017
Manzanita,Riverside,6309,2017-06-26,2017-06-30,False,100,4,2017
Hill,San Luis Obispo,1598,2017-06-26,2017-06-30,False,100,4,2017
Winters,Yolo,2269,2017-07-06,2017-07-12,False,100,6,2017
Alamo,San Luis Obispo,28687,2017-07-06,2017-07-19,False,100,13,2017
Wall,Butte,6033,2017-07-07,2017-07-17,False,100,10,2017
Whittier,Santa Barbara,18430,2017-07-08,2017-10-05,False,100,89,2017
Parkfield,Monterey,1816,2017-07-08,2017-07-11,False,100,3,2017
Garza,Fresno,48889,2017-07-09,2017-07-21,False,100,12,2017
Long Valley,Lassen,83733,2017-07-11,2017-07-21,False,100,10,2017
Detwiler,Mariposa,81826,2017-07-16,2017-08-24,False,100,39,2017
Modoc July Complex,Modoc,83120,2017-07-24,2017-08-16,False,100,23,2017
Orleans Complex,Siskiyou,27276,2017-07-25,2017-09-26,False,100,63,2017
Empire,Mariposa,6370,2017-08-01,2017-11-27,False,100,118,2017
Parker 2,Modoc,7697,2017-08-03,2017-08-29,False,100,26,2017
Young,Siskiyou,2500,2017-08-07,2017-08-28,False,100,21,2017
South Fork,Mariposa,7000,2017-08-13,2017-11-27,False,100,106,2017
Blaine,Riverside,1044,2017-08-13,2017-08-16,False,100,3,2017
Eclipse Complex,Siskiyou,78698,2017-08-15,2017-11-29,False,100,106,2017
Pier,Tulare,36556,2017-08-29,2017-11-29,False,100,92,2017
Railroad,Madera,12407,2017-08-29,2017-10-24,False,100,56,2017
Ponderosa,Butte,4016,2017-08-29,2017-09-09,False,100,11,2017
Mud,Lassen,6042,2017-08-29,2017-09-01,False,100,3,2017
Slinkard,Mono,8925,2017-08-29,2017-09-12,False,100,14,2017
Helena,Trinity,21846,2017-08-30,2017-11-15,False,100,77,2017
La Tuna,Los Angeles,7194,2017-09-01,2017-09-09,False,100,8,2017
Palmer,Riverside,3874,2017-09-02,2017-09-06,False,100,4,2017
Mission,Madera,1035,2017-09-03,2017-09-13,False,100,10,2017
Buck,Trinity,13417,2017-09-12,2017-11-20,False,100,69,2017
Lion,Tulare,18900,2017-09-24,2017-12-02,False,100,69,2017
Canyon,Riverside,2662,2017-09-25,2017-10-04,False,100,9,2017
Cherokee,Butte,8417,2017-10-08,2017-10-16,False,100,8,2017
Atlas,Napa/Solano,51624,2017-10-08,2017-10-31,False,100,23,2017
Tubbs,Napa/Sonoma,36807,2017-10-08,2017-10-31,False,100,23,2017
Nuns,Sonoma,56556,2017-10-08,2017-10-30,False,100,22,2017
Redwood Valley Complex,Mendocino,36523,2017-10-08,2017-10-28,False,100,20,2017
La Porte,Butte,6151,2017-10-09,2017-10-18,False,100,9,2017
Cascade,Yuba,9989,2017-10-09,2017-10-18,False,100,9,2017
Sulphur,Lake,2207,2017-10-09,2017-10-26,False,100,17,2017
Canyon 2,Orange,9217,2017-10-09,2017-10-18,False,100,9,2017
37,Sonoma,1660,2017-10-09,2017-10-13,False,100,4,2017
Pocket,Sonoma,17357,2017-10-09,2017-10-31,False,100,22,2017
Lobo,Nevada,821,2017-10-09,2017-10-18,False,100,9,2017
Bear,Santa Cruz,391,2017-10-16,2017-10-27,False,100,11,2017
Buffalo Fire,San Diego,1088,2017-10-17,2017-11-14,False,100,28,2017
Wildomar,Riverside,866,2017-10-27,2017-10-29,False,100,2,2017
Thomas,Ventura/Santa Barbara,281893,2017-12-04,2018-01-12,False,100,39,2018
Creek,Los Angeles,15619,2017-12-05,2018-01-09,False,100,35,2018
Rye,Los Angeles,6049,2017-12-05,2017-12-12,False,100,7,2017
Little Mountain,San Bernardino,260,2017-12-05,2017-12-07,False,100,2,2017
Skirball,Los Angeles,422,2017-12-06,2017-12-15,False,100,9,2017
Lilac,San Diego,4100,2017-12-07,2017-12-16,False,100,9,2017
Liberty,Riverside,300,2017-12-07,2017-12-09,False,100,2,2017
Pleasant,Inyo,2070,2018-02-18,2018-04-03,False,100,44,2018
Moffat,Inyo,1265,2018-04-19,2018-05-21,False,100,32,2018
Nees,Merced,1756,2018-05-02,2018-05-17,False,100,15,2018
Patterson,Riverside,1261,2018-05-17,2018-05-21,False,100,4,2018
Panoche,San Benito,64,2018-06-04,2018-06-07,False,100,3,2018
Stone,Los Angeles,1352,2018-06-04,2018-06-13,False,100,9,2018
Airline,San Benito,1314,2018-06-04,2018-06-14,False,100,10,2018
Apple,Tehama,2956,2018-06-09,2018-06-14,False,100,5,2018
Chrome,Glenn,2290,2018-06-09,2018-06-21,False,100,12,2018
Lions,Madera,13347,2018-06-11,2018-10-01,False,100,112,2018
Planada,Merced,4564,2018-06-15,2018-06-21,False,100,6,2018
Yankee,San Luis Obispo,1500,2018-06-20,2018-07-01,False,100,11,2018
Lane,Tehama,3716,2018-06-23,2018-07-04,False,100,11,2018
Pawnee,Lake,15185,2018-06-23,2018-07-08,False,100,15,2018
Creek,Madera,1678,2018-06-24,2018-07-05,False,100,11,2018
Waverly,San Joaquin,12300,2018-06-29,2018-07-02,False,100,3,2018
County,"Lake, Napa, Yolo",90288,2018-06-30,2018-07-14,False,100,14,2018
Klamathon,Siskiyou,38008,2018-07-05,2018-07-16,False,100,11,2018
Valley,San Bernardino,1350,2018-07-06,2018-10-22,False,100,108,2018
Holiday,Santa Barbara,113,2018-07-06,2018-07-11,False,100,5,2018
Pendleton Complex,San Diego,1800,2018-07-06,2018-07-11,False,100,5,2018
West,San Diego,504,2018-07-06,2018-07-11,False,100,5,2018
Georges,Inyo,2883,2018-07-08,2018-07-18,False,100,10,2018
Ferguson,Mariposa,96901,2018-07-13,2018-08-18,False,100,36,2018
Eagle,Modoc,2100,2018-07-13,2018-07-17,False,100,4,2018
Natchez,"Del Norte, Siskiyou",38134,2018-07-15,2018-10-30,False,100,107,2018
Carr,Shasta,229651,2018-07-23,2018-08-30,False,100,38,2018
Cranston,Riverside,13139,2018-07-26,2018-08-10,False,100,15,2018
Mendocino Complex,"Mendocino, Lake, Colusa, Glenn",459123,2018-07-27,2018-09-18,False,100,53,2018
Whaleback,Lassen,18703,2018-07-27,2018-08-07,False,100,11,2018
Butte,Sutter,1200,2018-07-31,2018-08-03,False,100,3,2018
Donnell,Tuolumne,36450,2018-08-01,2018-10-01,False,100,61,2018
Tarina,Kern,2950,2018-08-03,2018-08-06,False,100,3,2018
Pendleton,San Diego,1000,2018-08-05,2018-08-06,False,100,1,2018
Turkey,Monterey,2225,2018-08-06,2018-08-06,False,100,0,2018
Holy,"Orange, Riverside",23136,2018-08-06,2018-09-13,False,100,38,2018
Five,Kings,2995,2018-08-06,2018-08-08,False,100,2,2018
Hirz,Shasta,46150,2018-08-09,2018-09-12,False,100,34,2018
Hat,Shasta,1900,2018-08-09,2018-08-16,False,100,7,2018
Nelson,Solano,2162,2018-08-10,2018-08-12,False,100,2,2018
Stone,Modoc,39387,2018-08-15,2018-08-29,False,100,14,2018
Mill Creek 1,Humboldt,3674,2018-08-16,2018-08-30,False,100,14,2018
Front,"San Luis Obispo, Santa Barbara",1014,2018-08-19,2018-08-29,False,100,10,2018
North,Placer,1120,2018-09-03,2018-09-16,False,100,13,2018
Boot,Mono,6974,2018-09-04,2018-09-15,False,100,11,2018
Kerlin,Trinity,1751,2018-09-04,2018-09-17,False,100,13,2018
Delta,Shasta,63311,2018-09-05,2018-10-07,False,100,32,2018
Snell,Napa,2490,2018-09-08,2018-09-15,False,100,7,2018
Charlie,Los Angeles,3380,2018-09-22,2018-10-01,False,100,9,2018
Alder,Tulare,4653,2018-10-04,2018-12-07,False,100,64,2018
Eden,Tulare,1777,2018-10-04,2018-12-07,False,100,64,2018
Branscombe,Solano,4700,2018-10-07,2018-11-09,False,100,33,2018
Sun,Tehama,3889,2018-10-07,2018-10-12,False,100,5,2018
Mountaineer,Tulare,1270,2018-10-13,2018-12-07,False,100,55,2018
Camp,Butte,153336,2018-11-08,2018-11-25,False,100,17,2018
Nurse,Solano,1500,2018-11-08,2018-11-27,False,100,19,2018
Hill,Ventura,4531,2018-11-08,2018-11-15,False,100,7,2018
Woolsey,"Los Angeles, Ventura",96949,2018-11-08,2018-11-22,False,100,14,2018
Refuge,Kern,2500,2019-05-07,2019-05-09,False,100,2,2019
Boulder,San Luis Obispo,1127,2019-06-05,2019-06-11,False,100,6,2019
Sand,Yolo,2512,2019-06-08,2019-06-17,False,100,9,2019
West Butte,Sutter,1300,2019-06-08,2019-06-10,False,100,2,2019
McMillan,San Luis Obispo,1764,2019-06-12,2019-06-14,False,100,2,2019
Lonoak,Monterey,2546,2019-06-25,2019-06-26,False,100,1,2019
Rock,Stanislaus,2422,2019-06-25,2019-06-27,False,100,2,2019
Cow,"Inyo, Tulare",1975,2019-07-25,2019-10-11,False,100,78,2019
Springs,Mono,4840,2019-07-26,2019-10-07,False,100,73,2019
Tucker,Modoc,14150,2019-07-28,2019-08-15,False,100,18,2019
W-1 McDonald,Lassen,1020,2019-08-08,2019-08-11,False,100,3,2019
Gaines,Mariposa,1300,2019-08-16,2019-08-20,False,100,4,2019
Mountain,Shasta,600,2019-08-22,2019-08-26,False,100,4,2019
Long Valley,Lassen,2438,2019-08-24,2019-08-27,False,100,3,2019
R-1 Ranch,Lassen,3380,2019-08-28,2019-09-05,False,100,8,2019
Tenaja,Riverside,1926,2019-09-04,2019-09-14,False,100,10,2019
Walker,Plumas,54608,2019-09-04,2019-09-25,False,100,21,2019
Taboose,Inyo,10296,2019-09-04,2019-11-21,False,100,78,2019
Lime,Siskiyou,1872,2019-09-04,2019-09-19,False,100,15,2019
Middle,Trinity,1339,2019-09-05,2019-10-05,False,100,30,2019
Red Bank,Tehama,8838,2019-09-05,2019-09-13,False,100,8,2019
South,Tehama,5332,2019-09-05,2019-10-11,False,100,36,2019
Lone,Modoc,5737,2019-09-05,2019-09-13,False,100,8,2019
Springs,Mono,4840,2019-09-06,2019-09-23,False,100,17,2019
Briceburg,Mariposa,5563,2019-10-06,2019-10-24,False,100,18,2019
Sandalwood,Riverside,1011,2019-10-10,2019-10-14,False,100,4,2019
Caples,El Dorado,3435,2019-10-10,2019-11-01,False,100,22,2019
Saddleridge,Los Angeles,8799,2019-10-10,2019-10-31,False,100,21,2019
Kincade,Sonoma,77758,2019-10-23,2019-11-06,False,100,14,2019
Tick,Los Angeles,4615,2019-10-24,2019-10-31,False,100,7,2019
Getty,Los Angeles,745,2019-10-28,2019-11-06,False,100,9,2019
Easy,Ventura,1806,2019-10-30,2019-11-02,False,100,3,2019
Hillside,San Bernardino,200,2019-10-31,2019-11-14,False,100,14,2019
Maria,Ventura,9999,2019-10-31,2019-11-05,False,100,5,2019
Ranch,Tehama,2534,2019-11-03,2019-11-15,False,100,12,2019
Cave,Santa Barbara,3126,2019-11-25,2019-12-14,False,100,19,2019
Interstate 5 ,Kings,2060,2020-05-03,2020-05-07,False,100,4,2020
Range ,San Luis Obispo,5000,2020-05-27,2020-05-28,False,100,1,2020
Scorpion ,Santa Barbara,1395,2020-05-31,2020-06-01,False,100,1,2020
Quail ,Solano,1837,2020-06-06,2020-06-10,False,100,4,2020
Wood ,San Diego,11000,2020-06-08,2020-06-12,False,100,4,2020
India ,San Diego,1100,2020-06-08,2020-06-14,False,100,6,2020
Soda ,San Luis Obispo,1672,2020-06-10,2020-06-11,False,100,1,2020
Grant ,Sacramento,5042,2020-06-12,2020-06-17,False,100,5,2020
Walker ,Calaveras,1455,2020-06-16,2020-06-20,False,100,4,2020
Grade ,Tulare,1050,2020-06-22,2020-06-26,False,100,4,2020
Pass ,Merced,2192,2020-06-28,2020-06-30,False,100,2,2020
Bena ,Kern,2900,2020-07-01,2020-07-03,False,100,2,2020
Crews ,Santa Clara,5513,2020-07-05,2020-07-13,False,100,8,2020
Soledad ,Los Angeles,1525,2020-07-05,2020-07-15,False,100,10,2020
Mineral ,Fresno,29667,2020-07-13,2020-07-26,False,100,13,2020
Coyote ,San Benito,1508,2020-07-15,2020-07-18,False,100,3,2020
Hog ,Lassen,9564,2020-07-18,2020-08-08,False,100,21,2020
Gold ,Lassen,22634,2020-07-20,2020-08-08,False,100,19,2020
July Complex 2020 ,"Modoc, Siskiyou",83261,2020-07-22,2020-08-07,False,100,16,2020
Blue Jay ,"Mariposa, Tuolumne",6922,2020-07-24,2020-11-19,False,100,118,2020
Red Salmon Complex ,"Humboldt, Siskiyou, Trinity",144698,2020-07-26,2020-11-17,False,100,114,2020
Branch ,San Luis Obispo,3022,2020-07-28,2020-08-01,False,100,4,2020
Apple ,Riverside,33424,2020-07-31,2020-11-16,False,100,108,2020
Pond ,San Luis Obispo,1962,2020-08-01,2020-08-08,False,100,7,2020
North ,Lassen,6882,2020-08-02,2020-08-10,False,100,8,2020
Stagecoach ,Kern,7760,2020-08-03,2020-08-16,False,100,13,2020
Wolf ,Tuolumne,2057,2020-08-11,2020-11-19,False,100,100,2020
Lake ,Los Angeles,31089,2020-08-12,2020-09-28,False,100,47,2020
Ranch 2 ,Los Angeles,4237,2020-08-13,2020-10-05,False,100,53,2020
Hills ,Fresno,2121,2020-08-15,2020-08-24,False,100,9,2020
Loyalton ,"Lassen, Plumas, Sierra",47029,2020-08-15,2020-09-14,False,100,30,2020
Beach ,Mono,3780,2020-08-16,2020-08-28,False,100,12,2020
River ,Monterey,48088,2020-08-16,2020-09-04,False,100,19,2020
Dome ,San Bernardino,43273,2020-08-16,2020-09-14,False,100,29,2020
CZU Lightning Complex ,"San Mateo, Santa Cruz",86509,2020-08-16,2020-09-22,False,100,37,2020
SCU Lightning Complex ,"Santa Clara, Alameda, Contra Costa, San Joaquin, Merced, Stanislaus",396624,2020-08-16,2020-10-01,False,100,46,2020
August Complex ,"Glenn, Mendocino, Lake, Tehama, Trinity, Shasta",1032648,2020-08-16,2020-11-12,False,100,88,2020
Rattlesnake ,Tulare,8177,2020-08-16,2020-11-30,True,85,106,2020
LNU Lightning Complex ,"Colusa, Lake, Napa, Sonoma, Solano, Yolo",363220,2020-08-17,2020-10-02,False,100,46,2020
Holser ,Ventura,3000,2020-08-17,2020-09-06,False,100,20,2020
Butte/Tehama/Glenn Lightning Complex (Butte Zone) ,Butte,19609,2020-08-17,2020-10-17,False,100,61,2020
North Complex ,"Plumas, Butte",318935,2020-08-17,2020-11-30,True,98,105,2020
Jones ,Nevada,705,2020-08-17,2020-08-28,False,100,11,2020
Sheep ,"Plumas, Lassen",29570,2020-08-17,2020-09-09,False,100,23,2020
Salt ,Calaveras,1789,2020-08-18,2020-08-24,False,100,6,2020
W-5 Cold Springs ,"Lassen, Modoc",84817,2020-08-18,2020-09-14,False,100,27,2020
Carmel ,Monterey,6905,2020-08-18,2020-09-04,False,100,17,2020
Dolan/Coleman ,"Monterey, San Luis Obispo",124924,2020-08-18,2020-11-30,True,98,104,2020
Woodward ,Marin,4929,2020-08-19,2020-10-02,False,100,44,2020
SQF Complex ,Tulare,174178,2020-08-19,2020-11-30,True,91,103,2020
Moc ,Tuolumne,2857,2020-08-20,2020-08-30,False,100,10,2020
Moraine ,"Fresno, Tulare",1316,2020-08-21,2020-11-30,True,95,101,2020
Slink ,"Alpine, Mono",26759,2020-08-29,2020-11-08,False,100,71,2020
Creek ,"Fresno, Madera",379895,2020-09-04,2020-11-30,True,96,87,2020
El Dorado ,"San Bernardino, Riverside",22744,2020-09-05,2020-11-16,False,100,72,2020
Valley ,San Diego,16390,2020-09-05,2020-09-24,False,100,19,2020
Bobcat ,Los Angeles,115997,2020-09-06,2020-11-30,True,99,85,2020
Oak ,Mendocino,1100,2020-09-07,2020-09-14,False,100,7,2020
Slater / Devil ,"Siskiyou, Del Norte",166127,2020-09-07,2020-11-16,False,100,70,2020
Fork ,El Dorado,1673,2020-09-08,2020-11-09,False,100,62,2020
Bullfrog ,Fresno,1185,2020-09-09,2020-11-09,False,100,61,2020
Willow ,Yuba,1311,2020-09-09,2020-09-14,False,100,5,2020
Fox ,Siskiyou,2188,2020-09-14,2020-09-29,False,100,15,2020
Snow ,Riverside,6254,2020-09-17,2020-10-06,False,100,19,2020
Glass ,"Napa, Sonoma",67484,2020-09-27,2020-10-20,False,100,23,2020
Zogg ,Shasta,56338,2020-09-27,2020-10-13,False,100,16,2020
Silverado ,Orange,12466,2020-10-26,2020-11-07,False,100,12,2020
Blue Ridge ,"Orange, San Bernardino, Riverside",13694,2020-10-26,2020-11-07,False,100,12,2020
Laura 2 ,Lassen,2800,2020-11-17,2020-11-24,False,100,7,2020
Mountain View ,Mono,20385,2020-11-17,2020-11-30,True,70,13,2020
